{
  "timestamp": "2025-01-05 01:27:23",
  "created_by": "Canomoncada",
  "github_activity": {
    "primary_repo": "Canomoncada/GVC_AFRICA",
    "visualization_repos": ["Canomoncada/Africa_Visual", "Canomoncada/VISUAL_REP", "Canomoncada/Toni_Data_Visuals"],
    "working_repo": "Canomoncada/GVC_AFRICA_WORKING_R_CODE"
  },
  "version": "Ultimate Production Pipeline - Peer Review Ready",
  "methodology": {
    "normalization": "Min-Max (0-1 scale)",
    "reference_period": "2019-2023",
    "weighting": "Equal weighting (10% per indicator, 20% per pillar)",
    "missing_data": "Excluded from normalization, no imputation",
    "country_selection": "Data completeness-driven selection"
  },
  "transparency_measures": {
    "metadata_provided": true,
    "coverage_documented": true,
    "validation_sample": true,
    "methodology_documented": true,
    "replication_package": true,
    "github_tracked": true
  },
  "results": {
    "countries_227": 227,
    "countries_138": 138,
    "china_included": true,
    "asean_countries": 9,
    "total_indicators": 10,
    "pillars": ["Technology", "Trade & Investment", "Sustainability", "Institutional", "Financial"]
  },
  "peer_review_improvements": [
    "Complete metadata and documentation package",
    "Temporal alignment transparency with explicit reference periods",
    "Weighting methodology documentation with equal weighting justification",
    "Missing data handling transparency with no imputation policy",
    "Selection methodology documentation with data completeness criteria",
    "Validation checks with sample country verification",
    "Full replication package with CSV exports and metadata"
  ],
  "export_path": "/Volumes/VALEN/New Folder With Items 2/Update GVC INDEX/export/"
}
